{"initial_reset_timestamp": 1620055539.6803787, "timestamps": [1620055580.2525063], "episode_lengths": [1000], "episode_rewards": [-92.98245614034987], "episode_types": ["t"]}